overall_rating,review_text,sentiment,predito,tipo_erro
1,"Com a loja está tudo certo, pois o pedido chegou antes do prazo estipulado. A máscara é muito grossa e de difícil remoção. Não sei se por isso ou por outra causa, mas o produto fez com que caísse uma quantidade significativa de meus cílios. Detalhe, não forcei muito para remover (essa não foi a causa da queda).",0,1,Falso positivo
2,"Olha o valor do produto que vale 400,00. De 10.000,00 por 9.500,00.",0,1,Falso positivo
5,"Vale a pena ter um apresentador como esse. Já é o meu terceiro apresentador Targus. O primeiro perdi a conexão com o pc, não sei onde deixei. O segundo de tanto cair, quebrou.",1,0,Falso negativo
5,"Otimo produto, não bagunça os cachoes enquanto seca, em trinta  minutos seu cabelo está pronto para sair, limpo e seco, o que para quem tem cachos é quase impossível, em tão pouco tempo.",1,0,Falso negativo
2,"O produto é bom em questão de funcionamento.. porém com dois dias a tampinha do auto falante descolou.. Nada que uma super bonde não resolva, mas a qualidade ou quantidade do matéria utilizado poderia ser melhor!!",0,1,Falso positivo
4,Comprei através do site da loja Americana o qual tenho confiança por ter feito outras compras o qual vieram bem embalado . Agora este produto que comprei veio com a embalagem de loja e como comprei duas unidades eles fixaram com durex e quando recebi a mercadoria a caixa por não ser a apropriada veio se desmontando . Peço que a loja Américas tome mais cuidados com os terceiros pois as Lojas Americanas também são responsável por eles,1,0,Falso negativo
1,"Produto bem embalado e chegou antes do prazo, totalmente satisfeita com esse produto da Samsung",0,1,Falso positivo
5,Um aparelho de baixo custo e alta precisão onde acho que todos deveria ter em suas casas,1,0,Falso negativo
4,"O produto confere as descrições do vendedor, foi entregue sem inconveniências.",1,0,Falso negativo
1,Comprei esse perfume porque eu uso ele fazem anos e a fixação do mesmo sempre foi muito boa durando horas. Agora esse em questão não dura 20 minutos na pele.,0,1,Falso positivo
2,"Bom porém aquece muito, e não tem regulador de altura !",0,1,Falso positivo
4,O desodorante realmente funciona! As blusas não ficam com manchas nas axilas.,1,0,Falso negativo
5,O produto veio perfeitamente mas para quem pagou por uma entrega expressa e o produto estava no RJ chegar em SP 4 dias e ridículo.,1,0,Falso negativo
2,Frete muito caro para um espelho de bolsa 40 reais me arrependi,0,1,Falso positivo
2,"Gostaria muito de estar enganada em relação ao produto mochila, espero que me surpreenda!",0,1,Falso positivo
5,"sempre confiei nos produtos vendidos por esse site, 100% de garantia.  obrigado.",1,0,Falso negativo
4,O produto era o ue eu esperava demorou um pouco para chegar mas  chegou. Ainda nao usei mas parece ser bom,1,0,Falso negativo
2,O produto em si cumpre a função porém um lado veio maior que o outro então não há como fechar.,0,1,Falso positivo
4,"Só não dou nota 10, pois quando preciso retirar a cantina do Tablet eu também necessito retirar a capa. Pois o espaço é limitado com a capa",1,0,Falso negativo
4,"acHo extranho a AMERICANA VENDER ESTE APARELHO DEVIDO AOS VENDEDORES NAO EMITIREM NOTA, JA FAZ DOIS ANOS QUE TENHO ESTES APARELHO, PRIMEIRO O HTV BOX 3 E RECETIMENTE O HTV BOX 5 SO, SEM FAZER PROPAGANDA OS MEUS SEMPRE FUNCIONARAM, NOTANDO O PERIDO QUE OS AVALIADORES RECLAMAM  E UM PERIODO QUE ESTAVAM PASSANDO POR RESTRUTURAÇÃO E ELES ERAM BEM CLAROS NO AVISO E AVISAVAM QUE LOGO O PROBLEMA SERIA RESOLVIDO ATE QUE FINALMENTE DIA  14 PASSADO PALAVRAS DELES ATRAVES DE COMUNICADO QUE O PROBLEMA FOI RESOLVIDO, E NÃO TRAVOU MAIS. SE NÃO RECOMENDO PRA NINGUEM PRA MIM VALEU E SEMPRE NUNCA TIVE PROBLEMA A NAO SER ESTE PERIODO DE MANUTENÇÃO ENTRE ELES. MAIS ENTRE A SASTIFAÇÃO DE TER PAREM DE FICAR CARREGANDO FILMES 5360 HOJE E TODO DIA VCS ACRESCETAM, A UNICA COISA QUE NAO FUNCIONA, E A LEGENDA,  SO CONSIGO VER FILMES LEGENDADO PELA NETIFLIX,  NO QUE NAO FAZ PARTE DO PACOTE MAS VEM INCLUIDO NO CHROMOSCAT QUE FOI PRECISO COMPRAR PARA INSTALALAR O HTV BOX 3 E O CINCO TENHO OS 2",1,0,Falso negativo
4,"Ainda não é o que gostaria de comprar, mais sim o que deu no momento",1,0,Falso negativo
4,"Amo esse produto, o preço é ótimo! Prazo de entrega de 20 dias, mas não entregaram pq não tinha no estoque e tbm só avisaram após ter ficado 25 dias aguardando. Não gostei da loja beleza na web. Primeiro, para justificar a entrega atrasada alegaram problema com a transportadora e só depois de 5 dias disseram que não tinha o produto em estoque.",1,0,Falso negativo
5,"O produto chegou danificado, fiz a solicitação de devolução no dia 12 deste mes, até o presente momento não foi realizada a coleta e não consigo contato com a empresa responsável.",1,0,Falso negativo
4,"Para a finalidade, que é para uma cozinha simples e pequena, o produto é bom. Só as instruções para montar as peças são muito ruins. Se não fosse o vídeo no YouTube não teria conseguido.",1,0,Falso negativo
4,mercadoria foi enviada errada conforme o pedido  palheta fiat uno 93   trazeira  enviaram a dianteira  já pedi informação de como trocar  até agora não me informaram,1,0,Falso negativo
5,O valor do celular é esse mesmo ?? De 700 e pouco ?,1,0,Falso negativo
1,comprei a mascara que costumo usar da marca mairibel que por sinal e otima mais a empressa me envio uma mascara da marca hidralycollor marca que não conheço,0,1,Falso positivo
4,"O serviço de transporte, terceirizado, colocou em cheque a credibilidade das Lojas Americanas.  Minha residência esta localizada em local central e de fácil acesso no município, mesmo assim deixaram o produto na casa de uma pessoa desconhecida por mim (moradora a uma distância de um quarteirão de minha residência) e pediram para que ela procurasse o proprietário, como se a pessoa fosse funcionário da transportadora. Fiquei perplexo, a pessoa conseguiu me contactar após 4 dias da entrega do produto, se fosse algo urgente e de cunho profissional teria o dano moral causal. Outra questão do qual me deixou ainda mais estarrecido, foi não pensarem que se a pessoa não fosse de boa fé, não me entregaria o produto, ao menos procuraria o comprador, logo, causaria uma questão judicial gravíssima com foco em perdas e danos. Fiquei chocado em pleno século que vivemos, com todos os meios de comunicação disponíveis, inclusive tem o meu número celular no cadastro das Lojas Americanas, caso a transportadora não conseguisse encontrar a residência deveriam me contactar antes de uma decisão esdruxula dessas e que foge totalmente ao conceito de boa gestão, de qualidade e de respeito e zelo pelo consumidor. Tão logo, em contato com os três moradores da casa que se encontravam em seu imóvel no momento da pseudo-entrega, os mesmos alegaram que caso eu optasse por entrar com uma ação judicial contra a empresa, tendo as Lojas Americanas a responsabilidade solidaria sobre a entrega do produto e pelo fato de minha negociação ter sido feita diretamente com esta, os mesmos serviriam de testemunhas na lide. Peço que vocês pesquisem através da Nota Fiscal a empresa Paranaense que foi a responsável pelo transporte do produto e cortem laços com ela, pois a sua forma de atuação e desrespeito com o consumidor foge ao amadorismo empresarial. O produto em si responde ao anunciado, não tenho reclamações a respeito apesar de chegar com alguns riscos em uma das laterais.  Sem mais, agradeço a atenção.  A.D.",1,0,Falso negativo
5,Já tenho outras TVs Samsung e acho uma das melhores  imagens em TV!,1,0,Falso negativo
1,"Muito bom, gostei muito, cumpre o que promete... Lojas americanas esta de parabéns!!!",0,1,Falso positivo
4,"gostei muito mas depois de 5 meses ele n funcionava mais, e eu n emprestava pra ninguem e cuidava mais do que o meu proprio celular e msm assim estragou, sempre lipava td certin e tentei trocar n deu certo",1,0,Falso negativo
4,Gostei muito do produto pena que veio faltando peças...que tive que comprar.... Faltaram parafusos e dobradiças das portas.,1,0,Falso negativo
5,"Se for comprar um volante para xbox , compre desta marca -logitech-não comprem thrustemaster  , além de ser uma droga , o meu deu pane em menos de 20 dias ,se der problema não tem a quem recorrer.",1,0,Falso negativo
1,"Além de atrasar a entrega, o produto chegou sem funcionar. Agora para devolver precisa juntar todos os documentos, levar ao correio. Melhor comprar um desses em qq loja de bairro que dá pra vc testar antes.",0,1,Falso positivo
5,"Muito bem acabado, só achei que os pés deveriam vir com um acabamento de borracha ou em carpete, para não dar a sensação que está arranhando a base onde fica o Cooktop, mas no geral um produto que dá um acabamento fantástico no Cooktop quando não está sendo usado. Adorei e Índico o produto.",1,0,Falso negativo
4,"Dei azar de adquirir um aparelho com defeito no touch screen, só fui perceber o defeito quando já tinha passado o tempo limite de troca, mas resolvi bem rápido com a assistência técnica autorizada da Sony Xperia que levou apenas 8 dias para consertar o problema. Trocaram muitas peças defeituosas. Assim que foi resolvido o problema, o aparelho ficou 100% funcionando perfeitamente. Uso muito para filmagens e fotos, por isto gostei muito. Reparem bem o funcionamento do touch screen ao adquiri este aparelho, pesquisei um pouco, soube que era muito comum este defeito no mesmo, infelizmente. Mas com as funcionalidades perfeitas é um ótimo aparelho, só não posso generalizar o problema para todos que comprarem. Eu apenas dei azar, isto acontece.",1,0,Falso negativo
2,"Não chega nem aos pés do meu antigo Galaxy S5 g900md. Para quem está acostumado com aparelhos lerdos, podem comprar. O único item, melhor que no meu velho Galaxy S5, é a bateria.",0,1,Falso positivo
1,"Saudades de quando Americana entregava em 3 dias úteis, pois atualmente demora demais.",0,1,Falso positivo
5,"Galera, só pra ficar avisado, essa máquina é realmente boa, no entanto somente pra quem quer passar a zero. Tenho ela faz uns quase 3 anos, uso frequentemente pra raspar a cabeça e me serve muito bem. No entanto, usar o pente dela é bem chato. Acumula muito cabelo e não corta uniformemente. Muito mal projetado. Ou seja, SÓ COMPRE SE NÃO FOR PRECISAR USAR O PENTE.",1,0,Falso negativo
2,"O produto chegou antes do esperado, bem embalado. Um bom trabalho da americanas.com; por outro lado o jogo diverte, mas pela desconsideração da Warner Bros para com o público alvo, a história acabou ficando incompleta. Há também a presença de alguns erros no software (como bugs e lags), porém nada que atrapalhe a conclusão do jogo.",0,1,Falso positivo
5,"Produto muito bom, o primeiro q dei pro meu carrocho já tem quatro meses e até agora não apareceu nenhuma pulga e nem carrapato.",1,0,Falso negativo
5,quando eu comprei esse copo minha vida mudou quando eu bebi nesse copo eu fiquei rico de um dia para o outro alem de ser um copo execelente ele da sorte amei o produto,1,0,Falso negativo
2,"O notebook é muito bonito e leve. A bateria tem boa duração. Serve para navegar e usar office, mas às vezes dá umas travadinhas. Em geral achei o processador muito fraco. Comprei por 999,00 na blackfriday. Então teve um bom custo benefício. Vou vender e comprar outro no mínimo um core i3.",0,1,Falso positivo
5,"Comprei esse disco que é muito bom, porém recebi apenas um, na propaganda está bem claro. ""  5 unidades"". Espero que resolvam logo.",1,0,Falso negativo
2,"já tive uma outra do mesmo modelo e era melhor , não finaliza a escova  como eu gostaria.",0,1,Falso positivo
2,"O produto é bom. Mas o pano fica sempre com água, não tem absorção de água direito ao torcer.  Mas é um produto prático para dia dia.",0,1,Falso positivo
1,É um produto muito pequeno ou seja se for para família não dá certo a menos que você tome café sozinho todos os dias em casa pois faz pouca quantidade de café.  É bonita porém não queria um enfeite e na minha casa foi isso o que se tornou.  Por fim tive que comprar outra da marca mondial que quando chegou achei pequena também porém excelente.,0,1,Falso positivo
1,"Tem que ter uma amiga pra colocar o cílios, poderia ser mais prático , achei muito curto os fios",0,1,Falso positivo
4,Tem um problema ele diz que a bateria do relógio dura 5 dias não é verdade ele dura somente um dia com o uso na corrida longa ele só dura 5 horas...eu estou com esse problema não aguenta um treinamento longo....,1,0,Falso negativo
4,"Comprei esse modelo para repôr o meu que quebrou ( por minha culpa ). A capa protetora do outro modelo que eu tinha (6401) encaixa nesse modelo e em outros tbm. Essa foi uma informação importante que procurei  na internet não achei. Então #ficaadica!  O produto é muito bom. Dói sim, mas logo se acostuma. O cabeçote de aparar os pêlos não funciona para raspar como diz em algumas descrições. Ele corta bem rente a pele e fica uma pontinha. Mas é útil em algumas áreas.  O prazo de entrega era de 13 dias mas chegou em DOIS DIAS.",1,0,Falso negativo
5,só o telemarketig que não fucionou pra mim não teve atedente pra falar comogo,1,0,Falso negativo
4,"Ainda não tive tempo de monta-las e fazer uso das cadeiras, porém quanto a entrega e a aparência do produto não tenho do que reclamar.",1,0,Falso negativo
2,"O produto é bom, funcional, mas, comprei acreditando que era todo preto e veio com algumas teclas azuis, um tanto joviais demais.",0,1,Falso positivo
4,"Gostei muito da camisa. Gostaria de destacar que o preto da camisa nao é tão preto e as listras e os bordados não são brancos, são meio que cinza. Não sei se esse é o padrão. Porém gostei muito.",1,0,Falso negativo
4,"Após a chegada do purificador tive que enviar o mesmo para a manutenção, chegou quebrado, tive que aguardar mais 20 dias para usar. Não gostei.",1,0,Falso negativo
2,O GPS deixou a desejar função que me ajudaria muito porque sou motorista de aplicativo e nessesita muito dessa função que me deixou na mão mas nessesariamente bom para quem usa redes sociais e um preço bem em conta...,0,1,Falso positivo
5,"estou satisfeita, apesar que percebi que o filtro de fiapos não está funcionando.",1,0,Falso negativo
1,"O celular é bom, a entrega excelente, mas, ele veio com defeito na conexão Wifi",0,1,Falso positivo
5,"Funcionando normalmente como deve ser , nao fazem mais que obrigação .",1,0,Falso negativo
5,Produto funcionou perfeitamente. A questão é que não veio na embalagem original da Sony. Veio avulso. Como se fosse algo pirata. Nunca recebi nenhum produto desta maneira.,1,0,Falso negativo
1,"Comprei por 4.799,00, em menor valor deste por conta do desconto à vista pelo boleto. Surpreendido por receber o iphone 8 256 sem ser plus. A enrolação está no próprio sistema na hora da compra...deve ser mais uma quadrilha de ladrão da nossa raça miserável brasileira....povo que gosta de se dar bem nas custas dos outros, fazendo uso de atos desonestos e tranbiqueiros..",0,1,Falso positivo
2,"Veio com uma mancha branca que depois sumiu,espessura muito grossa   Atendimento site lojas americanas ótima, precisei trocar por outro produto. Foi maravilhoso",0,1,Falso positivo
2,"jogo bom, porem jogar sozinho nao tem graca, todas as pessoas que conheco jogaram em no minimo 2 pessoas... neste caso um olha a outra, que graca tem.... se o divertido é vc se juntar a alguem e jogar junto o jogo mais divertido que existe sobre zumbie... uma pena.",0,1,Falso positivo
4,"Adorei e pena que comprei o tamanho errado, mas dei meu grito acrescentando um vaso, pra suprir o tamanho na altura..",1,0,Falso negativo
4,"Não tenho como avaliar o produto embora aqui é preciso pra publicar. Queria comprar o livro, tentei 3 ceps diferentes e a loja não faz entrega para nenhum!! Um deles é Centro do Rio de Janeiro e não faz... O outro Cordovil e outro Bangu. É só pra fazer propaganda na Americanas?  Fica difícil...",1,0,Falso negativo
4,"Ótimo travesseiro mas qd coloca as três espumas ele perde o formato e fica arredondado, por elas serem pequenas a altura se concentra no meio do travesseiro e não nele todo, se elas fossem maiores creio q resolveria, mas mesmo assim é muito bom! Compraria novamente.",1,0,Falso negativo
4,"A pipoca sai sequinha é muito gostosa, não leva óleo e nem sal. Porem, faz muito barulho quando liga.",1,0,Falso negativo
2,o meu produto um Samsung J7 tem um problema que faz o Wi-Fi desconecta toda hora e quero uma resposta porque eu sempre comprei nas lojas americanas e pela segunda vez o produto não corresponde minhas expectativa quero uma resposta,0,1,Falso positivo
4,"Não utilizei o produto ainda mais parece bom, sem mais",1,0,Falso negativo
5,"Se entendêssemos o sofrimento do outro como nosso, ao sofrermos,. não estaríamos  sozinhos.  Nunca",1,0,Falso negativo
5,"Estava ali pensando em escrever algo para um livro quando der repente vi esta lapiseira incrível , comprei imediatamente, alem de escrever sensacionalmente bem , ela também faz suas compra via WiFi pela internet, sim no anuncio não diz mas ela tem uma antena embutida , e claro né não podia falta o pitoresco e não menos singelo livro que vem junto, um tal de Death Note, diz que funciona se escrever o nome de alguém, sabe aqueles super heróis que morreram em guerra infinita?  é meu amigo é isso mesmo.",1,0,Falso negativo
5,A placa da minha máquina havia queimado. Comprei esse produto e substituí. A máquina voltou a funcionar normalmente.,1,0,Falso negativo
5,Entrega o que se espera do produto. Nada de surpresas. Recomendo.,1,0,Falso negativo
1,"Qual a marca, tamanho dos soquetes e o prazo de garantia?",0,1,Falso positivo
5,"Não trava, tem um espaço de 32 giga que isso já conta muito. Sobre o designer fino, leve e lindíssimo.",1,0,Falso negativo
4,"O jogo eu sei que é bom, mas não rodou no meu Xbox 360 e aí eu acabei devolvendo o produto.",1,0,Falso negativo
2,É uma batedeira potente mas mesmo na velocidade um quando bate espirra massa pra todo lado.... maluca maluca .... deveria ser menos potente as primeiras velocidades.,0,1,Falso positivo
4,"Bom dia,               A entrega foi feita dentro do prazo, o produto chegou intacto e a máquina funciona muito bem. O problema é que a entrega isso não acontece com todos os produtos - dê uma olhada nos meus pedidos e vai ver que uma bolsa que estava a venda, de repente, não estava mais a disposição no estoque do fornecedor. Troquei por alguns produtos e um telefone sem fio, de repente, também não estava mais a disposição. Até hoje não recebi um vale para escolher outro produto. E há o caso também de uma correia de ombro para a máquina que, de repente, o correio não consegue entregar - ""houve um imprevisto"".              Resumindo, falta a vocês regularidade, estou recebendo corretamente alguns produtos e tendo a maior dor de cabeça com outros.",1,0,Falso negativo
1,"Tv com o som muito baixo, impossível ouvir alguma coisa com o som da tv. melhor coisa é pagar um pouco mais em outra marca.",0,1,Falso positivo
4,"Existe os pontos positivos e negativos... O celular tem ótimo funcionamento, porém não sabia que a bateria não era removível. Ele esquenta não sei se é normal. Não gostei do modo da colocação do chip,  achei bem frágil.",1,0,Falso negativo
2,"O produto é muito bom, os coloridos cor de laranja é muito ruim para enxergar, eles são claros de demais e acabam atrapalhando na visualização.",0,1,Falso positivo
1,"Antes de avaliar o produto, seria bom que este fosse entregue, o que não aconteceu até o presente momento, mais de trinta dias após a compra",0,1,Falso positivo
4,esse pc vem com uma placa de 8 GB ou 2 de 4 GB ???,1,0,Falso negativo
2,"Gostaria de comprar este produto, porém não tem as especificações do produto como: altura, largura",0,1,Falso positivo
4,"Fácil instalação. Ótimas imagens e som. Ideal para colocar na parede, pois os pés de apoio não nos dão total segurança! Entrega pontualíssima!",1,0,Falso negativo
1,"O produto seria ótimo se.... fosse possível para qualquer um e principalmente uma pessoa (feminina) conseguir retirar a mangueira de sucção do aspirador. No manual está escrito ""retire a mangueira"" sem explicar que se deve apertar em dois lugares (não ao mesmo tempo) e rodar um pouco para então apertar num segundo segmento o que eu, homem com dez anos de musculação quase nunca consigo realizar tal a dificuldade. Precisei usar uma chave de fenda larga (para não quebrar a peça) para pressionar um lado e depois rodar e pressionar a chave de fenda novamente para daí, finalmente, conseguir retirar a mangueira.... Não fosse isto poderia classificar o produto como ótimo, mas diante da situação deixo a cargo de quem ler esta opinião, fazer a sua avaliação do produto.",0,1,Falso positivo
1,"Essa loja Mobly tem milhares de reclamações, olhem sempre quem é o parceiro que vende e entrega,",0,1,Falso positivo
2,perciso que a Americanas me entregue o que eu comprei.,0,1,Falso positivo
4,O celular cumpre com a descrição. Mas é novo e já travou duas vezes,1,0,Falso negativo
2,"Acabei de receber o produto. O tripé é bem leve e parece ser bem prático para transportar (as partes em plástico parecem bastante frágeis). A bolsa que acompanha o produto é prática, porém a minha veio com a alça toda desfiada. Em geral, acredito que vale a pena o custo benefício (apenas para iniciantes).",0,1,Falso positivo
2,No site do fabricante está como feminino e aqui no Americanas.com não corrigiram mesmo eu já tendo reclamado.,0,1,Falso positivo
2,Eu queria o da foto e veio um sdvi. Queria o DVI conforme o título,0,1,Falso positivo
4,se o produto é elétrico e não tem fio de alimentação  onde ligar,1,0,Falso negativo
2,"Achei que fosse maior! Mas o material parece ser Bom, mas só o tempo mostrará.",0,1,Falso positivo
4,"Gostei do produto e mais nada a dizer, tenho que encher de abobrinhas. Que chato isso, da próxima vez não avalio.",1,0,Falso negativo
2,Quanto ao atendimento e entrega esta satisfatório.entega do produto  tranquila antes do esperado,0,1,Falso positivo
2,"Achei que fosse alto, mas é bem baixinho. Se eu estiver em um transporte coletivo n consigo ouvir nada!",0,1,Falso positivo
4,Muito bacana substituí  a tradicional manicure que por sua vez ta caro sua mão de obra.,1,0,Falso negativo
2,"Bom, O Produto chegou tudo direitinho, porém o Controle veio com defeito, e o console com marcas de uso(eu nem me importei tanto assim com as marcas), o que atrapalhou foi só o controle que tá com o analógico defeituoso... tirando isso, tudo bem.",0,1,Falso positivo
1,Preciso da mochila pra minha filha ir pra escola  Indo a escola sem mochila desde 19 de fev  é um abuso  Quero meu cancelamento hoje,0,1,Falso positivo
2,Não quero o CD e sim o DVD deles ainda não tem? Peço DVD e aparece CD,0,1,Falso positivo
1,muito boa a entrega bem antes do previsto exelente loja superr recomendo,0,1,Falso positivo
4,"Então, o produto em si, é ótimo, porém ele vem todo com plástico em volta e quando tira o plastico, ele sai a cor, tipo arranhando o aparelho, eu não quis devolver por está precisando muito do celular, unica coisa que me deixou triste foi isso, por que ele ja veio descascado em 4 partes... Fora isso, TUDO maravilhoso.",1,0,Falso negativo
4,Era exatamente a que minha filha queria. Produto não deixou a desejar em nenhum  momentos.,1,0,Falso negativo
5,Porem a empresa que vendeu o produto não entregou a quantidade correta. Comprei 02 kits e recebi só um.,1,0,Falso negativo
2,"O aparelho é excelente e muito bonito, o problema é que não vem com o fone de ouvido e eu não sou o único que tá reclamando disso e depois de um bom tempo cansativos através de e-mail eles me falaram que não trabalha com fones avulso e então depositaram 50 reais para que eu compre um fone de ouvido.",0,1,Falso positivo
5,"Comprei dia 11/04 na pré venda e entregaram ontem dia 02/05. sempre compro na americanas e a entrega é sempre rápida(02 dias no máximo), mas dessa vez me decepcionei, o jogo foi lançando dia 20/04, esperava que no máximo entregariam dia 25. que pena, pré venda aqui nunca mais.",1,0,Falso negativo
5,"O celular em si é excelente. Mas depois de todo o nervoso que passei com esta compra, nunca mais compro nada na Americanas. Demorou 20 dias pra entregarem e não obtive suporte algum. O atendimento ao consumidor da Americanas simplesmente foi horrível, não respondem o que a gente pergunta é mandam apenas uma mensagem robótica. Sem contar a transportadora que nem tem atendimento ao consumidor. Enfim, se está pensando em comprar esse celular na Americanas, sugiro que comprem em outro site, senão pode ir esperar cerca de 20 dias para receber o produto.",1,0,Falso negativo
2,A minha opinião é que eu fui em ganado pq paguei caro em cartão micro Sd de 32 gg e ele não tem os 32 gg só tem 29.71 GG por isso me senti em ganado.,0,1,Falso positivo
1,Já escrevi tudo o penso e simplesmente fui ignorada...Não queria mas vou ser obrigada a ir nas redes sociais comentar e ajuizar ação contra a empresa para resolver.,0,1,Falso positivo
5,"minha vó estava chegando atrasada aos locais de interesse dela, comprei uma cadeira de rodas e adaptei esse motor, a velha ta voando, só tive que comprar um corega mais forte pois a dentadura dela voou",1,0,Falso negativo
1,"O produto é muito bonito e o material bom. Mas ele é ineficiente para a função que se propôe. Não extrai todo o sumo do limão, espirra e vaza sumo por cima. Tenho outro modelo, bem mais simples e barato que é eficiente e funcional. Não apresenta esses problemas. Não estou mais usando esse espremedor.",0,1,Falso positivo
5,"Em relacao ao celular, tudo certo.. excelente custo beneficio mas, a entrega deixou a desejar entregou em um outro lugar totalmente diferente.. nao me avisaram nem nda .. se nao fosse o rapaz q recebeu nos ligar nem iamos saber q estava la.. nota zero pra transportadora falta de respeito total com o consumidor.",1,0,Falso negativo
4,"É um ótimo smartphone, porém apresentou um problema ainda desconhecido, onde esquentou e apagou, só sendo possível ligar o aparelho via modo download. Aconteceu duas vezes. Abri um chamado na Samsung e vou enviar para garantia.",1,0,Falso negativo
5,utilizarei quando o meu celular chegar bonbonbonbonbonbonbonbonbonbonbonbon,1,0,Falso negativo
5,O game vem completo e ainda inclui os 4 jogos anteriores da serie!,1,0,Falso negativo
2,Comprei mais pensando na qualidade da câmera mais não é tão boa o quanto eu esperava principalmente a frontal.,0,1,Falso positivo
5,"Um produto que supre as nessessidades da pessoa que tem pouco tempo, e ainda serve de conservação de tudo que se guarda gelado.",1,0,Falso negativo
4,Mas a bateria não dura muito não com a net ligada.,1,0,Falso negativo
1,"Pôxa! O frete econômico fica R$ 934,69! Vou esperar baixar o frete.",0,1,Falso positivo
2,Peça feita com interior de Ouro e acabamento em Irídio. Pesa mais que o martelo de Thor. Ótima peça.,0,1,Falso positivo
2,"Seria ótimo se mandassem o que está na descrição do produto. Que diz,""fone compatível com qualquer controle""",0,1,Falso positivo
4,"Bão dimais da conta pena que é muito caro e vem só com um pinguinho de tinta, devia vir cheião.",1,0,Falso negativo
4,"Gostaria que o manual fosse mais claro no ato que foi instalado o aparelho funcional normalmente só não sei o porque que ficou uma faixa escura tanta na parte inferior e superior. sendo que o aparelho e com conversor deveria abrir a tela inteira, independente o canal. estou pesquisando ou contratar o técnico pra tentar sanar o problema.",1,0,Falso negativo
1,"com 449,00 eu pago dois aluguéis e ainda sobra para um BIG MAC . To  comprando a franquia por acaso??",0,1,Falso positivo
1,"Meu Deus, Pre venda e para o lançamento e n para 30/04 ah e so dizendo o SAQ e uma B0st4 tbm e loja toda de vcs  o, e minimo era entregar mas nem isso Além de q a gente tem paga tem q tomar no ..........",0,1,Falso positivo
4,"Tinha a Samsung troquei pra testar e não me arrependo, a Lg é rápida internet não trava como a Samsung. Trocando tudo por Lg. Para quem usa smart tv ela é mil, sem falar na imagem, cores mais vivas",1,0,Falso negativo
2,"Pensei que estivesse comprando cartas originais. Não são, o verso e tudo branco.  Eu teria trocado, mas meu filho quis mesmo assim .",0,1,Falso positivo
1,As HD atuais são muito menores. Também não parece proteger muito bem.,0,1,Falso positivo
2,Bem nunca adquiri esse produto é essa marca espero que atenda minha necessidade.,0,1,Falso positivo
4,Prezados... Produto chegou com um pouco de atraso mas chegou!,1,0,Falso negativo
1,"Eu fui comprar para minha filha, porém percebi que é uma má influência, não confio em pessoas da testa grande, amei!!!",0,1,Falso positivo
2,O produto era presente de aniversário e chegou um dia depois da data limite da entrega.,0,1,Falso positivo
2,Gostei produto foi entregue antes do prazo estimado em otimo estado porem tivevemos alguns desentimentos na hora da entrega me passaram o contato da loja que fazia entrega errado e nao consegui entrar em contato pra saber do meu produto....,0,1,Falso positivo
2,"Estou frustrada, pois a loja está fazendo isso com os consumidores. Achei que era uma loja com boa boas procedências. Paquei pela mochila é a mesma não chegou. Agora a loja me enviá-la.",0,1,Falso positivo
2,"Produto chegou antes da data prevista, porém, a lateral veio quebrada, e como era presente, só notei quando foi tirado do pacote.",0,1,Falso positivo
4,"O produto chegou bem antes do previsto e em ótimo estado. Até agora não tive problemas, mas estou com ele a poucos dias. Posteriormente, se apresentar algum defeito, irei avaliar novamente.",1,0,Falso negativo
5,"Muito bom, minha opinião é excelência.O único atendimento que não goste foi do correio, vocês pudia contratar empresa privada, além de eu ter pagado muito caro o frete, mais caro que o produto. E já estava na devolução se não acompanho teria ficado no prejuízo.",1,0,Falso negativo
4,Foi o local com o menor preço a vista. Jogabilidade ainda muita parecida com o 2017.,1,0,Falso negativo
2,"A manopla de câmbio não é cinza como mostra na foto!!!!....Mas tudo bem, essas coisas acontecem,....o produto é de boa qualidade.",0,1,Falso positivo
4,"Só deveria ser explicado que os parafusos já se encontram encaixados. Mandei e-mail, pois não visualizava os parafusos na peça. Responderam prontamente.",1,0,Falso negativo
5,"Beira rio nunca me decepcionou, quando se trata de conforto é com essa marca que pode contar! Recomendo!",1,0,Falso negativo
4,"Somente alerto para quem for comprar não cometer o mesmo erro que eu, o tamanho da máscara é para criança e não adulto.",1,0,Falso negativo
2,"Produto bom, porém frágil. Minha gata é pesada e pude perceber que ela fica desconfiada quando vai fazer as necessidades e começa a afundar.",0,1,Falso positivo
1,"console fica toda hora atualizando e menos de uma semana tive que fazer o rest de fabrica umas 5 vezes pq as atualizações da microsoft davam pau só funciona online não da pra jogar sem estar na internet pelo menos para salvar os jogos, jogos são muito grandes a memoria interna vai rapidinho e mesmo com a mídia física tem que instalar no console gastando memoria e leitor pra jogar um jogo que e só por o CD melhor e ficar no 360 mesmo!!!!",0,1,Falso positivo
2,"A entrega da Americanas.com como sempre eficiente, mas o produto desta vez não agradou. um banho de piscina rasa e o relógio encheu D'agua.......",0,1,Falso positivo
1,O fornecedor não tem o produto nessa cor ha algum tempo.,0,1,Falso positivo
5,"Só precisa ter cuidado para não se queimar na hora de retirar o restinho que não é jogado para fora, pois ela aquece muito.",1,0,Falso negativo
2,"Pelo valor que foi pago é bem fraquinho,contando ainda que depois que comprei apareceu um melhor e mais barato para venda,e ainda entregaram no endereço de uma vizinha que nem conheço.",0,1,Falso positivo
4,"Comprei pra fazer sucos e vitaminas para o meu bebê, ele é muito prático e posso levar nas viagens, somente a tampa cinza que fecha a boca quebrou no primeiro dia, pois ele é frágil.",1,0,Falso negativo
4,preciso so da tampa dessa panela vcs vendem avulso e quanto custa,1,0,Falso negativo
1,"Ótimo produto é qualidade excelente!!!  Super indico, ficou ótimo na instalação!!!  Obrigado por tudo, pois compraria várias sem problemas!!!!",0,1,Falso positivo
1,"Sempre compro nesse site, porém dessa vez não gostei do produto porque o mesmo não pesa com precisão oscila muito.",0,1,Falso positivo
4,Gostei muito do produto.. chega a carregar o celular em torno de três a quatro vezes.  A unica queixa que tenho a fazer é sobre o tamanho e peso do produto.,1,0,Falso negativo
5,Por gentileza poderia enviar esses pra AS LOJAS de Balsas,1,0,Falso negativo
5,Fiz o meu pedido e até agora não chegou. Já passou da data prevista de entrega.,1,0,Falso negativo
5,Comprei justamente por precisar de um produto impermeável e não me decepcionei. Tenho cachorro em casa e melhorou demais meu ambiente.,1,0,Falso negativo
2,"Pela descrição do produto no site, o mesmo não apresenta todas as qualidades que se mostra no anuncio, principalmente no acabamento do produto, inferior daquilo que poderia ser, mas mesmo assim recomendaria tendo em vista o valor do mesmo.",0,1,Falso positivo
5,"Então sempre fui um consumidor dos produtos samsung, mas agora resolvi ter os produtos da motorola no começo fiquei com medo, mas agora que ja passou dias usando o celular e esta muito otimo",1,0,Falso negativo
4,Infelizmente pela má qualidade da embalagem as bordas dos livros estavam amassadas e muitas etiquetas na capa deixando o livro marcado como se fossem usados.,1,0,Falso negativo
4,"Adquiri este sofá da Mobly e ele é muito bonito. O conforto é compatível com o preço, Não é uma cama king size, mas um sofá que vale o preço. Para o conforto eu daria 7, para o design 9 para o material 8, para a entrega 10. Comparei com outros em lojas físicas e gostei muito do meu quando chegou, saiu pela metade do preço das lojas físicas e com qualidade superior. Eu resolvi arriscar, porque é lei e podemos ter a devolução do preço pago no prazo de 7 dias. Se não gostasse do produto, poderia devolver. Gostei! Fiquei!",1,0,Falso negativo
1,"Produto entregue é mais barato do que o produto Pedido.  Devido a necessidade, já estou utilizando. Quero a Restituiçao da Diferença = R$ 73,00.",0,1,Falso positivo
5,Este é o meu ferro de passar favorito! Produtos Black Decker são de primeira qualidade!,1,0,Falso negativo
1,"Peguei cada componente dessa maquina e fui pesquisando o preço em sites ( kabum )   R$ 2477,00   Melhor darem um reajuste no preço...",0,1,Falso positivo
2,"O produto em si é bom, a entrega foi rápida mais para troca é uma demora e burocracia",0,1,Falso positivo
5,"A entrada do meu microfone não estava mais funcionando,graças esse aparelho,estou conseguindo agora usar o microfone.",1,0,Falso negativo
5,Ela é linda. Café delicioso pq vc programa se quer forte ou regular. Economiza filtro. O café fica quente um tempão. Desliga sozinha. É autolimpante. Ameiii,1,0,Falso negativo
4,o note é excelente mas o Windows 10 não funcionou direito e tive que desinstalar ele e instalar o W8,1,0,Falso negativo
2,"Chegou antes do prazo, muito bonito, mas a media esta com 2.32X1.92 .",0,1,Falso positivo
5,"Todo mundo usa o adjetivo 'medieval' como algo ruim, e fala em Idade Média como povo atrasado, sem cultura, vivendo em repressão sem liberdade e sem estudos. Idade das Trevas, eles tentam nos enganar. Pura mentira.  A verdade é que foi na Idade Média que surgiram, por exemplo, as universidades. E a Igreja Católica teve papel fundamental nisso, bem como na criação do Direito, da Previdência, do Assistencialismo (é só pensar em quantas Santas Casas de Misericórdia existem). Os católicos também foram importantíssimos na criação da Astronomia e no desenvolvimento da Ciência, por mais incrível que pareça.  Todas estas explicações estão neste livro totalmente embasado em conhecimentos históricos verídicos e incontestáveis.",1,0,Falso negativo
2,NÃO TEM OPÇÃO DE ESCOLHER A COR NO ATO DA COMPRA. COMO COMPRAR?,0,1,Falso positivo
2,"Como esfregão ele é bom,mas não absorve a água e fica com cabelos e sujeira grudada .Se fosse em algodão penso que seria ótimo",0,1,Falso positivo
2,................................................................................................................................................,0,1,Falso positivo
4,"COMPREI O PRODUTO, PELO FATO QUE DR CARRO INDICOU E DEU MUITO CERTO. PARABENS",1,0,Falso negativo
4,"Fácil de usar, só não tem bandeja de saída. Tirando isso, é maravilhosa.",1,0,Falso negativo
1,"Deveria denunciar vocês ao Ministério Público por vender um produto desses. Anunciam Full HD e outras coisas, mas só pra enrolar.  Sou jornalista e no momento oportuno irei fazer um ampla reportagem sobre isso, inclusive em jornal de grande circulação.",0,1,Falso positivo
2,Só que veio com Embalagem diferente  e não veio escrito como essa Lanterna X900 Original Shadowhaw Militar Americana e o produto é bom com otíma qualidade e funcionou bem,0,1,Falso positivo
4,"O fogao é bem bonito, mas tem um acabamentoem borracha em volta do vidro que nao me agradoue os pés poderiam ser mais fortes tmb. No geral é um belo fogao e o preço foi justo. A entrega foi demorada",1,0,Falso negativo
2,Xxxxxxxxxxxxxxxxxxxxxxxxxxxxxxxxxxxxxxxxxxxxxxxxxxxxxxxxxxxxxxxxxxxxxxxxxx,0,1,Falso positivo
1,"MEU FILHO ESTA SUPER PREJUDICADO NA ESCOLA, DEVIDO AO FATO QUE O LIVRO AINDA NÃO CHEGOU.",0,1,Falso positivo
4,"contudo, só não comprei porque aprecio ver algumas coisas em tv, e 'parece' na contra mão, ele vem com tv analógica. isso no momento em que estamos migrando para o sinal aberto digital...",1,0,Falso negativo
2,Este notebook funciona muito bem se vc estiver usando o ClimUP.  Depois que passei a usar o ClimUP ele ficou muito rápido. Vou deixar o link pra vocês.  Site oficial: https://climup.me  Vale muito a pena!,0,1,Falso positivo
2,"muito leve, mais para criança aprender a ver as horas",0,1,Falso positivo
2,"O produto é bem fraquinho, aspira pequenos pós, com bastante demora, mas pelo preço vale sim, na praia foi super útil!!",0,1,Falso positivo
2,"Atende, porém, pelas especificações que li do produto disponibilizadas antes da compras, não condiz com o produto. Em relação a capacidade, ele é frago de potencia.",0,1,Falso positivo
5,"Produto de excelentíssima qualidade, além do preço acessível. Prazo de entrega sem comparação.",1,0,Falso negativo
4,"O produto em si é ótimo, mas nada melhor do que o atendimento ao cliente, comprei e tive o melhor suporte do revendedor deste produto como nunca tive em outro lugar.",1,0,Falso negativo
1,"A entrega foi super rápida, chegou antes do previsto. Mas infelizmente, a panela maior veio danificada por dentro e estufada pelo lado de fora perto da alça. Em se tratando de beleza nada a reclamar!  Fiz uma reclamação e até o momento não tive nenhum retorno para sanar esta pendência.",0,1,Falso positivo
4,fica muito bonito quando passa a luz do sol. as cores cintilam.  --------------------------------------------------------------------------------------------------------------------------fica muito bonito quando passa a luz do sol. as cores cintilam.  Só não gostei dessa avaliação das americanas. Disse que meu comentário era muito curto e não permitiu postar. Muito chato ter que escrever um tratado aqui. Tenho mais o que fazer.,1,0,Falso negativo
2,"Realmente potencializa a memória. Seu vocabulário melhora, dá pra lembrar de palavras que você nem sabia que lembrava, além de melhorar seu desempenho em algumas atividades graças a isso. Em relação a foco e energia não senti a minima diferença. Senti vários efeitos colaterais: Ansiedade, Sonolência, Disfunções intestinais e outros...",0,1,Falso positivo
4,"Comprei 2 produtos ( Barbie) na mesma compra e só recebi um . Estou aguardando a chegada do outro , mas apreensiva .",1,0,Falso negativo
1,Não compensa. aqui na minha cidade consegue comprar produto melhor qualidade com menos valor.,0,1,Falso positivo
5,TEM uma parte dela (a alça que serve pra segurar) é a única parte q não é pintada. Acharia a caneca mais bonita se ela fosse toda preta,1,0,Falso negativo
5,"O farol emite uma luz forte e tem opção de farol alto, baixo e piscante. Além disso vem com uma buzina que emite um som bem alto.",1,0,Falso negativo
2,"Sempre comprei pela Americanas e sempre recebi no prazo, mas dessa vez esta atrasado ha 2 dias...espero não me decepcionar com Americanas.",0,1,Falso positivo
5,"produto entregue no prazo, e em otimo estado, digo isso pois comprei um jogo no site de outra loja e o jogo veio com defeito mandei para troca e mandaram com defeito de novo.",1,0,Falso negativo
5,"Só não chegou m,ais a tempo devido o ATRASO dos CORREIOS!!!",1,0,Falso negativo
4,A impressora é boa. Só não gostei da bandeja de papel. É fraca. Poderiam criar um mecanismo mais eficiente que travasse o papel para ele ficar sempre na posição correta.,1,0,Falso negativo
4,"Ele apresenta muito fracil , achei que era tipo falsificado kkkkk , mas em termos de água quente 100% aprovado .",1,0,Falso negativo
1,Onde está a droga do manual? Em nenhum lugar vi menção sobre a garantia (prazo e exceções),0,1,Falso positivo
4,Gostei pq veio com tampo preto e o único problema é que a peça em cima do tampo no fundo não fica bem fixada. Vou ter q comprar um parafuso mais grosso.,1,0,Falso negativo
1,"Adorei o livro, é muito bom para qurm começa a estudar anatomia, basicamente do zero. Recomendo muito",0,1,Falso positivo
4,Quero saber se ele já vem montado pois não tenho nenhuma experiencia em montar pcs,1,0,Falso negativo
4,"Só achei o material um pouco fraco, de resto desempenha bem seu papel.",1,0,Falso negativo
2,"Produto ótimo, mas nem sequer foi passado um jornal na caixa... Veio etiquetas coladas por todos os lados... Dar de presente nem pensar. Péssima embalagem do vendedor.",0,1,Falso positivo
4,"AINDA ESTOU AVAILANDO, PORQUE TENHO POUCO TEMPO QUE USO.",1,0,Falso negativo
4,"Gostei do produto, minha unica reclamação é quanto ao transporte, ocorreu confusão nas informações, foi enviado para o correio, só fui descobrir depois de está a 4 dias no correios esperando a retirada do produto na agência. A entrega não foi feita em casa, além de que não me foi informado a localização do produto, não sabia em qual agencia estava nem o seu código de rastreio.",1,0,Falso negativo
2,"A pipoca fica murcha . Testei duas marcas  de milho e coloquei a quantidade correta indicada pelo medidor Dá para comer, mas bom seria se ficassem crocantes.",0,1,Falso positivo
1,"Ela possui pouca regulagem, para quem tem o rosto um pouco maior como no meu caso ela não cabe. Precisaria ter um pouco mais de regulagem para poder se adaptar a rostos maiores.",0,1,Falso positivo
2,"O produto demorou chegar tiver um ir retirar nos correios, o produto: gostei pelo preço tá ótimo, agora o que eu não gostei e quem vai comprar vai sofrer e os fios são muito pequeno o do mouse tive que conectar ele na frente da CPU pq o fio não dava pra colocar atrás, o fio no mínimo deverias era de uns 2 metros acho que não tem 1 metro....",0,1,Falso positivo
5,"Eu deveria ter pedido com cor, não percebi na hora de colocar no carrinho.",1,0,Falso negativo
5,A impressora reconheceu o cartucho como original.................................................................................................................................................................,1,0,Falso negativo
1,"Promete alisar, mas n alisou nada o meu cabelo, além do cheiro ser super forte e ser difícil respirar, os olhos ardem",0,1,Falso positivo
1,"Referente ao produto Moto E ""XT1762"", apesar do aparelho mostrar ter bom custo x beneficio, apresenta um pouco de lentidão ao executar comandos de um ou outro app, como também o leitor biométrico, que não funciona perfeitamente, que inclusive parou de funcionar.",0,1,Falso positivo
5,"Único defeito do produto é só a dificuldade para a troca de pilhas, pois o local de uma das pilhas é muito fundo, necessita de uma tesoura para retirar a pilha.",1,0,Falso negativo
4,Gostaria de saber as informações do produto que não tem no site :  Número de Portas:  Portas de correr:  Porta reversível:  Espelho:  Número de gavetas:  Dobradiças metálicas:  Material:  Tipo de Guarda Roupa:  Modulado:  Quantidade de portas de correr:  Tipo de corrediça:  Material do cabideiro:  Sistema de montagem:  Produto desmontado necessita de montagem:  Complexidade da montagem:  Modelo:  Altura (cm):  Largura (cm):  Profundidade (cm):  Peso aproximado (Kg):  Marca:  Ítens inclusos:  Este produto chegará em (volumes):  Material/Composição:  Garantia do fornecedor (meses):  Aviso importante:  Número de Portas:  Portas de correr:  Porta reversível:  Espelho:  Número de gavetas:  Dobradiças metálicas:  Material:  Tipo de Guarda Roupa:  Modulado:  Quantidade de portas de correr:  Tipo de corrediça:  Material do cabideiro:  Sistema de montagem:  Produto desmontado necessita de montagem:  Complexidade da m:,1,0,Falso negativo
4,"Para quem tem o cartão da Americanas, no mínimo deveria poder parcelar até 10x sem juros. Porque é um produto de valor alto. Por gentileza equipe aí da Americanas vamos rever esse prazo de pagamento sem juros. Obrigada, e aguardo retorno!",1,0,Falso negativo
4,"Boa TV em relação ao custo-benefício. Infelizmente tem algumas limitações quanto ao aplicativos disponíveis - não têm os de canais de TV a cabo, como Net NOW, Fox, HBO, etc.",1,0,Falso negativo
5,"O livro veio novo, como se tivesse comprado na livraria.",1,0,Falso negativo
1,Talvez na versão 5 chegue perto de um GTA.  Tem que aprender com a rockstar.,0,1,Falso positivo
2,"Atendimento excelente do pessoal da Americanas.com, mas como o serviço foi passado para outra loja, acabei não recebendo e já fui reembolsado. Obrigado",0,1,Falso positivo
4,"Comprei dois controles,porém  Um ta com mal contato e não consigo jogar direito",1,0,Falso negativo
5,"material resistente, rodinha gira com facilidade, porem tem que ficar de olho para o bebe não se jogar e virar a cadeirinha.",1,0,Falso negativo
1,"Fala-se que são 600mg, mas na embalagem do produto atrás, está escrito que contém apenas 190mg de triptofano.",0,1,Falso positivo
1,"estava muito anciosa pra usar meu produto,mas a demora da entrega está me frustrando....",0,1,Falso positivo
4,"Impressionante como a Americanas consegue incomodar os clientes. Deveria ser possível informar apenas se gostou do produto ou não, mas ao invés disso o cliente é obrigado a escrever algo para concluir a avaliação. Acham que eu tenho tempo para bobagem assim? Legal que enquanto não fiz essa avaliação não pararam de me mandar e-mail. Continuem assim de pelo menos esse cliente aqui vão perder.",1,0,Falso negativo
2,"Entrega rápida, valor bom, mas o produto é muito fraco! A velocidade maxima é fraca demais",0,1,Falso positivo
5,Esse Hoverboard são de quantas polegadas? Preciso saber antes de concluir a compra.,1,0,Falso negativo
4,tem o idioma português? aaaaaaaaaaaaaaaaaaaaaaaaaaaaaaaaaaaaaaaaaaaaaaaaaaaaaaaaaaaaaaaaaaaaaaaaaaaaaaaaaaaaaaaaaaaaaaaaaaaaaaaaaaaaaaaaaaaaaaaaaaaaaaaaaaaaaaaaaaaaaaaaaaaaaaaaaaaaaaaaaaaaaaaaaaaaaaaaaaaaaaaaaaaaaaaaaaaaaaaaaaaaaaaaaaaaaaaaaaaaaaaaaaaaaaaaaaaaaaaaaaaaaaaaaaaaaaaaaaaaaaaaaaaaaaaaaaaaaaaaaaaaaaaaaaaaaaaaaaaaaaaaaaaaaaaaaaaaaaaaaaaaaaaaaaaaaaaaaaaaaaaaaaaaaaaaaaa,1,0,Falso negativo
4,"SÓ NÃO É MELHOR , POIS O PLUG PARA TOMADA NÃO É DO PADRÃO DO INMETRO !",1,0,Falso negativo
1,A TV trava e/ou re-inicia frequentemente quando são utilizadas a aplicações SmartTV particularmente as funções de navegação no YouTube. A única aplicação que aparenta funcionar sem problemas e o NetFlix. Instalei todas as alterações de software fornecidas pela Philips sem consertar os problemas. As entradas HDMI da TV aparentam funcionar corretamente. A Philips me solicitou que enviasse a TV para a assistência técnica mas o problema não aparenta ser eletrônico  (as demais facilidades não funcionariam) e sim no software. Talvez eu esteja mal acostumado com a implementação SmartTV da Samsung.,0,1,Falso positivo
4,Gostei muito do produto so que ele veio com um pequeno defeito.,1,0,Falso negativo
5,"Eu só nao vou comprar pq ele é single chip, infelizmente só isso que me decepcionou",1,0,Falso negativo
5,A americanas não entregou ainda. Já são 12 dias de atraso.,1,0,Falso negativo
1,"O buraco de entrada desse transformador é grande demais, então tomada nenhuma encaixa nele direito. Daí, com qualquer espirro a tomada escapa e o aparelho desliga! Além do mais, como o produto não tem indicações claras nem manual de instruções, precisei de vários dias para descobrir como posicionar a chave para poder utilizá-lo. Ele só tem uma chave que muda de 110 para 220, mas NENHUMA indicação de qual posição você deve deixar. (A propósito, você deve deixar a chave na posição da voltagem da sua região, então se você mora em região com 220 e quer usar aparelho de 110, precisa deixar a chave em 220, e vice-versa).",0,1,Falso positivo
4,"Ao puxar as gavetas, elas emperram, assim como para fechar, mas tirando isso... compensa muito pelo preço",1,0,Falso negativo
2,A pessoa que ganhou o presente não gostou da qualidade do som e da imagem.,0,1,Falso positivo
4,"É muito rápida e imprime com ótima qualidade, pois a resolução é alta. Excelente para casa ou pequenos escritórios com um volume de impressão médio.  Custo de recarga é baixo. Os pontos fracos estão relacionados com a instalação que tem dificuldade pelo Wifi (utilize a opção manual e com o cabo) e pelo baralho mecânico quando em uso que é alto (dá a impressão que algo vai quebrar ou travar, mas não é verdade).",1,0,Falso negativo
5,"ja usei todo material deste kit, menos o aspirador (podria ser um opcional para um kit completa). Resto estou usando todos os dias, haste para peneira poderia acho um pouco fraco, tem que usar com cuidado.",1,0,Falso negativo
4,Só lamentei que ele não tenha saída de audio pra RCA!,1,0,Falso negativo
5,Infelizmente o controle remoto veio com defeito e até agora as Lojas Americanas sequer respondeu às minhas reclamações.  Um descaso imperdoável.,1,0,Falso negativo
4,"Bateria, processador tela, armazenamento... Tudo muito bom!  Os Snaps que ainda são muito caros pra comprar separado. O Android demorou pra atualizar tbm... Enquanto a M já está vendendo lançamentos com o Android 8.0, ainda na liberou atualização pro Z2 mas no site diz que já está liberando... Cadê?",1,0,Falso negativo
5,Gostaria de saber se eu pegar na loja e comprar no site pode?,1,0,Falso negativo
4,"O produto com menos de um mês e algumas partes do touch já parou de funcionar. Muito chata está situação, menosbde um mês e já terei que entrar em contato com a garantia do produto. Mas o produto em si é excelente, só não dei sorte.",1,0,Falso negativo
4,"O modelo entregue não veio com pés, apenas umas borrachinhas, nem espelho como mostra a foto meramente ilustrativa... O resto é igual, prateleiras são parafusadas oque torna bem firme, as portas são um pouca pesadas devido o modelo de roldanas utilizadas, os trilhos das gavetas que deveriam ser de melhor qualidade. Nível  de montagem é mediano, mas recomendo a montagem entre 2 e deitado de preferência, mas dá pra montar em pé caso não tenha espaço.",1,0,Falso negativo
4,Só faltou a alça nos cantos para fixá-lo melhor no colchão.,1,0,Falso negativo
1,"Meu status tá como entregue, mas nunca vi o produto, entrarei com um processo contra essa loja o mais breve possível. recomendo a todos que tenham cuidado.",0,1,Falso positivo
1,"Demorou 12 dias pra emitir a nota fiscal e despachar o produto e agora a previsão de entrega que era para o dia 02/05 foi atualizado para o dia 09/05, sacanagem heim...",0,1,Falso positivo
5,"Produto é muito lindo, sei que esse tipo de material não dura muito, mais que a beleza me encantou, a encantou",1,0,Falso negativo
5,"Produto devidamente embalado, condiz com as descrições demonstradas no site.",1,0,Falso negativo
1,Nao fiz essa compra.Fizeram essa compra em meu nome utilizando cartão falso. Gentileza fazer o bloqueio e suspender pedido. Já fiz boletim de ocorrência policial. Obrigada  Ivanete.,0,1,Falso positivo
4,"Funciona como deveria, não perde em nada para as concorrentes mas também não ganha em nada. O pão fica ótimo!!",1,0,Falso negativo
4,"faltou informar as dimensões do produto, é importante essa informação para uma adequar-se ao ambiente do interessado",1,0,Falso negativo
4,"A comprebel atrasou o pedido, o prazo era até 05/03, eles se pronunciaram no final de fevereiro dizendo que iam atrasar pq eles NÃO TINHAM O PRODUTO. Como é que uma loja se compromete a vender um produto que nem tem em estoque? Aguardando a chegada do produto...",1,0,Falso negativo
1,"Fiz a comprar, mais depois de um tempo esperando que eles cancelaram minha aquisição.",0,1,Falso positivo
1,"O livro desenvolve bem a sua interpretação de texto e raciocínio, mas como é um livro comentado, ele peca ao deixar o comentário com a resposta certa após a questão, por acidente, é possível ver a resposta nitidamente fazendo com que não possamos compreender as questões com um senso mais crítico!",0,1,Falso positivo
5,"Nas fotos aparecem 3 peças, não vemos o rolamento e também não vemos o rolamento acoplado ao coxim",1,0,Falso negativo
2,"Bom custo beneficio e praticidade,mas só! Muito barulhento e a potência deixa a desejar.",0,1,Falso positivo
5,"Cerveja gelada no ponto, sem enganação , combina com qualquer ambiente pelo tamanho e desenho moderno da tampa e cores",1,0,Falso negativo
5,"Melhor barra proteica que ja experimentei. As de chocolate com castanha e de amendoim nem parecem que são barras de proteína, parecem um doce comum!",1,0,Falso negativo
1,por ser um produto para criança deveria ser colada as pernas da caeira e da mesa,0,1,Falso positivo
4,Suporte dos pés muito apertado. Pés não possuem feldro para não arranhar o piso,1,0,Falso negativo
5,"Só fiquei bolado pq não entregaram na minha residência,tive que retirar nos correios,e paguei pelo frete né.",1,0,Falso negativo
4,"Na entrega do produto não foi entregue a mochila de transporte. Solicito informar quando será entregue, uma vez que constava do pacote adquirido.",1,0,Falso negativo
1,Estou com muito medo de comprar Tô  fora. Depois  do depoimentos das pessoas  sobre as mesas e cadeiras  de bar.,0,1,Falso positivo
5,Eu não comprei ainda mas eu estava vendo vídeos dessa bike e ela é muito boa,1,0,Falso negativo
5,"Comprei e não me arrependi... entrega correta e produto original... como vendem nesse preço eu não sei, mas podem comprar que  vcs recebem.",1,0,Falso negativo
4,"O sofá chegou 7 dias apos a compra, muito rápido. a espuma deve ser D26 pois é bem firme, as costuras bem feitas, não ha sobra de fios, o fundo, o tnt que protege a carcaça é frágil. os pés de plastico atendem razoavelmente bem como o local de fixação é ruim de fazer devido ao arremate o tecido. eu estou usando a 2 dias. as almofadas são bonitas mas menores do que aparece na foto. o tecido parece ser de qualidade, porém a cor não condiz, esse chumbo parede um azul bem escuro. Ainda não usei a cama.",1,0,Falso negativo
5,Loja parceira muito boa LOJAS AMERICANAS uma droga não recomendo  o sai-te,1,0,Falso negativo
5,"É rápido, bonito e a bateria é muito duradoura. Nunca travou ou deu problema, e já o tenho há 6 meses!",1,0,Falso negativo
2,"Faz o descrito, em músicas perde qualidade  na transmissão, também não tem um botão de liga e desliga, o aparelho que recebi o visor estava um pouco riscado,  e de vez em quando parece que o visor entrou água e fica em baseado. Apesar desses problemas de manuseio/visual/sonoro,  cumpre com o descrito.",0,1,Falso positivo
2,"O produto mói os grãos de maneira irregular, mesmo aumentando-se o tempo de moeção.",0,1,Falso positivo
2,"Recomendo comprei para colocar no painel de meu carro, pois quando viajo as crianças so ficam quietas assistindo a galinha pintadinha, porem precisa resolver o problema da luminosidade da tela. e o som ainda é baixo as crianças cantam mais alto.",0,1,Falso positivo
4,"Irei colocar apenas uma observação, não em relação ao perfume em si, mas pela embalagem, o perfume veio sem a tampa.",1,0,Falso negativo
2,Pensei  que fosse sem costura. Feito no calor e não era. Fiquei bem decepcionado.,0,1,Falso positivo
5,"Preço justo, tamanho grande, cabem até queijos grandes.  Única ""reclamação"" é que o plástico onde se apoia ela fica entortando para cima, mas nada que deixar um peso grande sobre ele por algumas horas não tenha resolvido.",1,0,Falso negativo
4,Comprei a cafeteira com uma promoção que receberia junto com a cafeteira 150 reias de cxs de café isso não aconteceu não consegui falar com.vcs e fui falar inclusive com a Dolce Giisto a resposta foi negativa fui muito prejudicado não recomendaria mais comprar nas Lojas Americana muito rum o pós venda e não entregaram o que foi vendido,1,0,Falso negativo
1,"Camera da frente pessíma, só enxergo borrões na foto, camera traseira pessima tbm. Nao recomendo a ninguem, se eu pudesse voltar a tras compraria o moto g5 plus.",0,1,Falso positivo
2,Estou muito triste. Pois o cara so entregou uma parte do painel. Estou aguardando ainda a entrega do restante.   Ajudem - me! Obrigada!,0,1,Falso positivo
2,"Cumpre o que promete, a película eu não usei ainda mas o cabo tá funcionando normal.",0,1,Falso positivo
2,O filtro não tem a função de eliminar bactérias como o original da Consul. Apesar do filtro da marca Consul ser bem mais caro adquirir o mesmo  por achar que a água fica bem mais leve!,0,1,Falso positivo
2,"Meio grande, com funções reduzidas e pra sincronizar completamente com relógio tem q ter aplicativo pago muito caro",0,1,Falso positivo
2,Sem as medidas como saber se o produto é adequado?,0,1,Falso positivo
5,"Toda familia esta jogando e interagindo com a criança. para a crianaça Ensina o valor do dinheiro, fazer contas, conhecer as cédulas de cada valor e fazer as negociações.  Só faltam alguns esclarecimentos das regras do jogo no manual",1,0,Falso negativo
1,Já tem mas de 20 dia úteis que comprei e até agora nada no rastreio só está escrito emiti do nota e nunca é feito já comprei outros produtos e veio tudo certo mas essa loja parceira e uma farsa,0,1,Falso positivo
2,"Aonde fica as entradas USB da caixa, na fotos nao vi, e ela realmente tem bluetooh?",0,1,Falso positivo
1,"Esse produto é entregue de jatinho particular pra custar R$ 167,00 o frete?",0,1,Falso positivo
2,"pequeno, pratico e cumpre a sua função perfeitamente!",0,1,Falso positivo
4,SO FALTOU TER AS LUZES Q INDICAM O FUNCIONAMENTO E A AGUA GELADA,1,0,Falso negativo
5,Na primeira impressão a folha atolou dentro da impressora e eu me ferrei mas dai eu resolvi com o programa do CD ai depois deu certo. Boto fé no produto,1,0,Falso negativo
1,Ja pedi a devolucao do produto. Que fria em que entrei!,0,1,Falso positivo
5,"-AS IMAGENS EM 3 D SÃO EXCEPCIONAIS.TENHO SÓ UMA CRÍTICA A FAZER A AMERICANAS.COM.,PAGUEI O  VALOR DE R$ 87,80 PELO PRODUTO E RECEBI UMA NOTA FISCAL NO VALOR DE R$47,80.",1,0,Falso negativo
2,As facas são muito boas porém a minha faça chefe veio com um pequeno dente no fio na parte de baixo que pra sair terá de ser afiada muitas é muitas vezes as outras duas facas vieram perfeitas é são muito boas.,0,1,Falso positivo
1,"A bicicleta e 260 o frete para o Pará e de 1450,00 Vocês tão doidos",0,1,Falso positivo
5,"O produto é ótimo, mas não chegou no prazo, solicitei cancelamento, não me responderam  e mandaram o produto mesmo assim. Passei pra frente já que eu ja tinha comprado no submarino e tinha recebido.",1,0,Falso negativo
5,"Poxa vida desse jeito nao da né Americanas , comprei o jogo dia 20/03 e nada do produto que foi lancado dia 20/04.    comprei um repelente dia 18/04 e chegou hoje . assim você cai no meu conceito né Americanas , minha relação com o site sempre foi boa , que que isso , pisou na bola demais  comprei na pre venda confiando que o produto pudesse chegar no máximo dia 23/04  e nada . nem pensar compro outro jogo na pré-venda por aqui , me desculpe . eu já fiquei puto que tanto na pre venda quando depois de ser lançado o preço não tem alteração, então pensei , pelo menos vou receber o jogo no máximo uns três dias depois , mais não foi o que aconteceu . e pra piorar comprei outro produto que chegou 6 dias apos a compra . brincadeira né Americanas Brincadeira .",1,0,Falso negativo
4,"Nossa família brincou muito e demos muitas risadas, mas nem todo mundo quis colocar o aparelho na boca. Pq acharam feio demais ficar babando.kkkk. no mais muito legal.",1,0,Falso negativo
4,"Parece q já foi usado e não para testar  pois a parte de baixo tava gasta, Mais tá funcionando, não comprarei mais nessa loja.",1,0,Falso negativo
1,"No ato da compra foi dado um prazo de entrega inicial enorme, mas ainda assim o produto chegou com atraso. Comprei na cor branca e me entregaram na cor preta, mesmo constando na nota fiscal o produto certo.",0,1,Falso positivo
4,"Aproveita bem o espaço, o material é bom, vem bem embalado, nada quebrado ou arranhado. Não gostei apenas da altura dos cabideiros, pequeno demais, não dá pra pôr vestidos e até pra camisas masculinas fica pequeno. Resolvi isso não colocando uma prateleira no módulo de canto, então sobrou espaço para pendurar vestidos.",1,0,Falso negativo
1,bateria  nota zero ; a carga completa  so dura  5h,0,1,Falso positivo
4,"Produto compatível com o preço,bonito, latas grandes,mas algumas vieram amassadas,mas nada que compromete a eficiência do produto.",1,0,Falso negativo
5,"O produto é muito bom, mas o site das lojas americanas é muito, mas muito ruim. Recomendo que pesquisem e comprem o produto em outro site. Pois se tiver qualquer tipo de problema, o site não resolve. Dizem que pode devolver, mas na verdade não se importam com o cliente. Depois de sete dias corridos, não fazem troca alguma. Comprei também uma Pipoqueira da Disney que não foi barato, com defeito e não querem trocar. Não recomendo o site. Pesquisem no Google antes. Porque têm mais barato, com entrega mais rápida. Muito ruim. Decepção!",1,0,Falso negativo
2,Faltou algumas caixas mais é um bom Produto. Nota 5,0,1,Falso positivo
4,"Não sei onde ouviram barulho alto. Ela emite um leve som, mas nada como andam falando.",1,0,Falso negativo
4,"Adorei o liqüidificador, recebi o produto dentro do praz! Só Que, cliquei no produto preto e vermelho para comprar, era o que eu desejava e chegou todo preto. Não gostei disso.",1,0,Falso negativo
2,"O produto é bom para Bebês até uns 8 meses no maximo. Para meu filho de 1 ano e 5 meses não atende, é pequeno e mole demais. Mas para bebês atende bem.",0,1,Falso positivo
5,Não vi na descrição do produto dizendo qual é a fonte.,1,0,Falso negativo
5,Além de andador tem várias atividades na parte da frente.,1,0,Falso negativo
2,tem mesma marca com outra qualidades muita diferença,0,1,Falso positivo
4,"Ótimo produto, mas não funciona para quem tem cabelo curto. Agora, para quem tem cabelo comprido, achei o máximo. Não alisa, ela apenas seca e ajuda a abaixar o volume.",1,0,Falso negativo
5,"Eu seria suspeito para falar das qualidades desse produto , pois não o uso , comprei para minha esposa ela gostou muito , tanto que comentando com minha cunhada me pediram para comprar outro para ela , a cunhada , satisfação total da parte dela também. Portanto , só me resta dar uma humilde nota 20 !!!",1,0,Falso negativo
1,Ao abrir a caixa do produto estava a cuba quebrada em vários pedaços o gabinete danificado a única coisa intacta foi o espelho.,0,1,Falso positivo
1,"Muito me admira a americanas expor seu nome para ganhar dinheiro a qualquer custo com market place, se expondo a empresas que vendem produtos piratas, sem nota fiscal, correndo o risco de ser enquadrada em crime de sonegação.",0,1,Falso positivo
2,o produto em si e otimo mas a bateria mesmo sem usar dura no maximo 24 horas.,0,1,Falso positivo
4,"Boa noite. Comprei o rotulador, sabendo que era um dos melhores. Contudo, depender de 6 (seis) pilhas AA para utilizá-lo é - no mínimo - sofrível. Porquê vocês não vendem também a Bateria de Litio Recarregável BMP21-PLUS/ BMP21-LAB e a Adaptador Energia (fonte) Rotulador Brady Bmp21/idxpert 9v? Gostaria muito de poder comprá-los, se possível. Obrigado pela atenção.",1,0,Falso negativo
5,Macrilan nunca decepciona com a qualidade dos pincéis,1,0,Falso negativo
5,Meu rosto começos a receber os resultados depois de 2 semanas. Eu estou usando para proteger a pele aplicando antes de maquiagem. No meu trabalho preciso estar maquiada o tempo todo e este produto tem protegido minha pele.,1,0,Falso negativo
4,Com a antena consegui sinal de vários canais porém precisei colocá-la num ponto alto.,1,0,Falso negativo
4,"Realmente pinga no primeiro dia, mas já é esperado e realmente para de pingar depois. Acabamento ruim e frágil. Mas compensa pelo custo, praticidade e beleza.  Vale a pena comprar.",1,0,Falso negativo
1,"Costumo comprar sempre, funciona super bem com minha pele.",0,1,Falso positivo
1,"No mesmo momento que efetuei o pagamento tb cancelei. Propaganda enganosa, simples assim. O site me vendeu o perfume de 100ml a um determinado valor, achei barato por isso comprei. Mas depois que efetuei o pagamento percebi que não vinha na confirmação do pagamento a descrição do produto. Espertos! Outra coisa, a distribuição é feita por outro site. Antes de pagar eu consultei esse site e o mesmo perfume de 100ml estava com o mesmo valor do site das americanas. Porém exata após efetuar o pagamento tanto esse site quanto o da americanas mudaram o valor. A jogada era entre 30ml e 100ml. O cliente comprava e pagava 100ml quando estar bem barato mas logo após, se fosse esperto, descobria que comprou 30ml. Eu deveria ter prosseguido com  tudo para depois processar. Nunca mais compro ou recomendo.",0,1,Falso positivo
2,"Bom valor de custo/benefício, entrega rápida, qualidade razoável, mas não corresponde à luminosidade pela potência. Uma lâmpada de 12w de boa qualidade ilumina mais do que essa.",0,1,Falso positivo
5,"Hó my God, eu nunca poderei possuir um estojo desse, sou professora da rede municipal de Tutoia  e meu salário não dá para comprar, precisaria trabalhar 6 meses sem comer e nem vestir para comprar um produto espetacular desse.",1,0,Falso negativo
5,"Quando vi essa promoção nem acreditei, achei que tinha até algum defeito nesse lote do produto, mas decidi arriscar e amei!! Depois comprei mais 10 pra presentear a família toda, não é todo dia que a gente vê uma oportunidade dessas...",1,0,Falso negativo
2,"mas a compra já deu um prazo bem longo de frete e mesmo assim, a compra não chegou no prazo certo, não sabia aonde estava o produto que eu havia comprado e somente depois de eu reclamar ai mandaram minha compra.",0,1,Falso positivo
5,"Este equipamento é forte, prático e barato. Não tem cerdas como minha antiga vassoura, sendo assim, não enrosca cabelo e ainda vem com dois bicos para limpeza de janelas, colchão ou até automóveis.",1,0,Falso negativo
5,"comprei um e estou muito satisfeito, mas fiz uma compra de outro igual para presentear minha esposa pra minha frustração e dela comprei dia 28/02/2018 e ate esta data não recebi, comprei aqui mesmo mas direcionado para um parceiro da loja que demora tanto a entregar que fique constrangido.",1,0,Falso negativo
2,"prezado    bom dia, estou interessado neste produto,porém eu queria saber se, esse produto vem o kit completo ou só o Bulk ??",0,1,Falso positivo
1,"as frigideiras não são do tamanho mostrado, a menor só da  pra fritar 1 ovo, aforma redonda veio amassada, a forma de furo só da pra fazer um bolo pras bonecas da minha filha.",0,1,Falso positivo
4,"Um tablet básico, mas acima da média de outras marcas.",1,0,Falso negativo
4,"Comprei o castelo da Frozen, que é muito maior, muito mais cheio de coisas e já vem uma cama. Esta cama custa a metade do valor do castelo. Ou seja, vale mais a pena comprar o castelo logo. A embalagem fala que a cama é retrátil. Mas ela aumenta/diminui em apenas 02 centímetros... ou seja, nada de diferente, Do mais, é bonito e minha sobrinha amou!",1,0,Falso negativo
4,"Recebi fazem 3 dias estou usando, até agora não deu problema algum!!",1,0,Falso negativo
2,Nao simplifica para aquecer alomentos prontos. Poderia funcionar nelhor sendo mais prático,0,1,Falso positivo
2,"O Gorilla Glass 5 presente no Note 8 é um mico-leão-dourado. Frágil. Se ocorrer um acidente (e pode acontecer) a substituição do frontal é cerca de TRINTA POR CENTO do valor do Note 8. É um aparelho top com fragilidade e preços absurdos, como se vê na política da Samsung. Não há necessidade de se praticar essas margens de lucro no Brasil.",0,1,Falso positivo
4,"Minha filha adorou! Muito bonitinho. Só os olhinhos que tem um problema, só abrem quando se coloca gelo. Água gelada não funciona.",1,0,Falso negativo
2,"O valor é tentador mas as duas TV,s que comprei da phico deram problema deu uma macha na tela e outra tem um risco que divide a tela recomendo comprar com garantia de 24 meses porque vc vai precisar a cada conserto fica 3 meses na putorizada boa sorte a pessoas que compraram",0,1,Falso positivo
2,"Utilizo óleo de uma outra marca e o frasco de 30 ml parece ser menor, apesar do aroma muito bom não recomendo devido o frasco ter um tamanho de 15 ml",0,1,Falso positivo
2,"Produto com boa qualidade de som, de conexão e botões de comando úteis. Porém, os anéis de orelha e os protetores intra-auriculares não proporcionam firmeza e estabilidade do fone dentro do ouvido durante o uso, pois, toda a estrutura do fone é muito grande e impede que o mesmo se encaixe perfeitamente ao ouvido, tornando o mesmo uma escolha ruim para quem quer ouvir música durante a prática esportiva. Além do mais, mesmo seguindo as instruções de primeira carga, a bateria proporciona apenas 3 horas de uso, ao contrário das 5 horas prometidas.",0,1,Falso positivo
2,"facil colocaçao, bem colorido , adere bem na parede",0,1,Falso positivo
5,"Até hoje desde o iPhone 4 eu não sei o que é celular ruim. Aliás sei sim, todos os androids.",1,0,Falso negativo
4,"bom dia é uma peninha, queria mt os produtos mais o frete fica mt caro. acabei retirando td do carrinha por conta do frete, acho um absurdo esses valores.",1,0,Falso negativo
5,isso e god of war nao tem como ser ruim jogo do ano o  meu ja esta garantido ....,1,0,Falso negativo
5,"Comprei pela americanas e achei que fosse o DVD , enfim , não consigo o código postal  para mandar de volta ! Já peço o código postal a 2 semanas e meia! Aja paciência!",1,0,Falso negativo
2,"Não tenho nada a reclamar quanto à entrega da loja ou quanto a qualidade gráfica do jogo, mas, realmente não é indicado para crianças e, acredito eu, também para adolescentes. Usa vocabulário depressivo, com palavras chulas, ""baixas"" e fortes... Conversei, expliquei e tirei o jogo de meu neto de 12 anos e pedi para ele escolher outros jogo. Resolvido...",0,1,Falso positivo
5,"Meu produto ainda nem chegou e vcs estão me mandando e-mail para avaliar? Não entendi, e o meu produto que não chega, está demorando demais! Eu só comprei porque já conhecia.",1,0,Falso negativo
4,Ainda tô experimentando... parece bom...tenho que comprovar a duração da bateria...,1,0,Falso negativo
4,mesa linda ! pra quem tem ambiente pequeno caiu como uma luva!!!!,1,0,Falso negativo
2,"Era para o dia 05/03, espero que chegue e valha a pena a espera!!!",0,1,Falso positivo
4,Ótimas panelas. Não gruda nada e são muito bonitas.,1,0,Falso negativo
2,Produto bonito mas o café só sai morno entrega rápida mas o produto deixa a desejar!,0,1,Falso positivo
4,"A única coisa que deixa a desejar este celular é a saída de som, que é mono. Mas isso já tinha sido advertido pelo vendedor.",1,0,Falso negativo
5,"Produto de alto rendimento. Seca com facilidade. Não fica melando. Não tem cheiro desagradável.  Revitaliza peças internas e externas, de plástico ou de couro. Restrição ao preço extremamente elevado .",1,0,Falso negativo
4,"Se o preço estiver muito barato e você estiver com tempo para esperar tudo bem, mas não espere muito da americanas.com",1,0,Falso negativo
5,"Esse ferro é uma felicidade, roupas passadas em pouco tempo, para quem quer praticidade. Eu indiquei ele pra todas minhas amigas! Porém, se quebrar, já era. Não oferecem peças para reparo. Você leva na assistência e eles informam que a DeLonghi não vende mais peças para ele. Você liga na DeLonghi e eles te passam o número da assitência... aquela velha história de empurra empurra :(",1,0,Falso negativo
2,"Levando em conta o preço, as configurações são boas para essa faixa.",0,1,Falso positivo
5,Não sei como descrever o produto porque nem recebi o produto ainda.,1,0,Falso negativo
2,eu gostaria de saber quantos meses de garantia ela tem,0,1,Falso positivo
1,"Demora muito tempo para cozinhar, bem mais que as panelas de outras marcas",0,1,Falso positivo
2,Produto bom pra quem procura um shampoo bem hidratante.,0,1,Falso positivo
5,"É caro, mas dura muito. É possível revender depois de alguns anos de uso, não trava e não precisa ficar reiniciando!",1,0,Falso negativo
5,Olá! Quero saber se eu divulgar seu site e produto por 7 mês vocês me invião o produto amanhã depois que me enviar avise pra mim divulgar se vocês quiserem Vou divulgar no meu canal do YouTube,1,0,Falso negativo
5,"Serviu na Bros 160. A instalação não é difícil. No sol ameniza o aquecimento do banco, na chuva, a umidade. Apenas é ligeiramente escorregadio, dependendo da roupa usada, pois sua composição é de nylon.",1,0,Falso negativo
2,"O produto tem tudo pra ser bom. O som é legal, mas um ruído chato fica incomodando.",0,1,Falso positivo
4,"CHUVEIRO DE EXCELENTE QUALIDADE. TENHO UM EM CASA E QUIZ COMPRAR MAIS UM PARA O BANHEIRO SOCIAL. SÓ QUE VCS. ME MANDARAM UM CHUVEIRO DIFERENTE DO MODELO QUE COMPREI VISTO PELO ANUNCIO. O PRODUTO CERTO É AQUELE QUE VCS. DEMONSTRAM NA PROPAGANDA, ONDE TEM UM DISPOSITIVO QUE PODEMOS GIRAR PARA A DIREITA E PARA A ESQUERDA PARA AUMENTAR OU DIMINUIR O AQUECIMENTO DA ÁGUA. O QUE VCS. ME MANDARAM NÃO TEM ISSO. TEM UMA VARETA PERPENDICULAR PARA VIRAR O BOTÃO MAIS QUENTE E MAIS FRIO. FIQUEI COM ESSE MESMO SÓ PARA NÃO DEVOLVER. QUERO COMPRAR OUTRO IGUAL AO MEU (IGUAL AO QUE ESTÁ DEMONSTRANDO NO ANUNCIO) NÃO QUERO COM VARETA.",1,0,Falso negativo
5,"Eu amooo esse produto, não fico sem! É a melhor Água Micelar que já usei, não tem igual!",1,0,Falso negativo
5,Moro no maranhão e este produto flutuou pq era só dia 30 de maio para chegar chegou hoje dia 18/05/2018 agora só tem que ver o jogo se está pegando e pronto tudo certo.,1,0,Falso negativo
2,Existem aparelhos melhores com um hardware consideravelmente superior pelo mesmo preço ou mais barato com a mesma característica de tela sem bordas.,0,1,Falso positivo
2,Esperava mais pelo preço que paguei.  Pegou os mesmos canais que eu já tinha com uma antena comum interna.,0,1,Falso positivo
4,"Embora sua aparência frágil assuste um pouco, a funcionalidade deste aparelho encanta! Possui altas laterais direcionaveis e função ventilar que o meu antigo ar não tinha. É também decorativo! É meu segundo aparelho do mesmo modelo.",1,0,Falso negativo
5,Ja e o oitavo pneu que compro desta marca e ate agora nao tenho nada contra.,1,0,Falso negativo
2,É isto não tenho como opinar mais sem o produto. (Enchimento de texto para validação do comentário por que este site me obriga a escrever mais do que eu tenho a dizer).,0,1,Falso positivo
1,"Poderiam dar mais atenção aos produtos de entrega, pois comprei para presente, e agora oq irei fazer com isso!?",0,1,Falso positivo
4,a embalagem vem com informações em vários idiomas mas elas não batem. fora isso tudo ok.,1,0,Falso negativo
4,Informo que não recebi o produto (celular). A entrega estava prevista para o dia 26/03/2018. Aguardo retorno sobre o rastreamento e previsão de entre do produto.,1,0,Falso negativo
5,"Tênis muito confortável, forma média... Porém a embalagem péssima. O ""saco"" que veio a caixa do tênis, chegou todo rasgado.",1,0,Falso negativo
5,Estou fazendo a troca deste produto está em andamento adorei eles vem buscar em casa .,1,0,Falso negativo
2,O extintor parece de boa qualidade mas Muito atraso na entrega.,0,1,Falso positivo
5,Qualidade e preço justo. Mas falta a capinha para guardar a frente destacável.,1,0,Falso negativo
5,Eu era uma marretinha simples de loja para material para construção mas venci na vida e hoje custo a mesma coisa que um Corsinha wind 99  Eu sou a marreta oitavada   EU SOU A UNIVERSAL,1,0,Falso negativo
4,"Único senão é que por ser lâmpada, deveria vir numa embalagem mais reforçada, sendo que do Kit, uma delas veio aberta, quanto a outros problemas não ocorreu, chegou antes do tempo estimado.",1,0,Falso negativo
